사용월,호선명,역ID,지하철역,유임승차,유임하차,무임승차,무임하차,작업일시
2021-08,1호선,1,서울역,"792,988","756,399","145,014","136,947",2021-09-03 10:03:18
2021-08,1호선,10,동묘앞,"102,153","108,130","126,958","126,884",2021-09-03 10:03:18
2021-08,1호선,2,시청,"393,938","389,734","55,055","53,210",2021-09-03 10:03:18
2021-08,1호선,3,종각,"616,525","597,169","101,246","94,171",2021-09-03 10:03:18
2021-08,1호선,4,종로3가,"354,719","325,937","239,745","226,538",2021-09-03 10:03:18
2021-08,1호선,5,종로5가,"294,470","297,772","212,219","203,116",2021-09-03 10:03:18
2021-08,1호선,6,동대문,"177,982","165,020","96,696","95,636",2021-09-03 10:03:18
2021-08,1호선,7,신설동,"224,937","224,563","94,340","91,559",2021-09-03 10:03:18
2021-08,1호선,8,제기동,"197,069","191,778","213,619","230,294",2021-09-03 10:03:18
2021-08,1호선,9,청량리(서울시립대입구),"270,033","269,291","221,084","225,743",2021-09-03 10:03:18
2021-08,2호선,11,시청,"432,363","416,176","38,988","35,390",2021-09-03 10:03:18
2021-08,2호선,12,을지로입구,"746,057","756,840","72,063","66,949",2021-09-03 10:03:18
2021-08,2호선,13,을지로3가,"400,396","397,079","57,112","55,713",2021-09-03 10:03:18
2021-08,2호선,14,을지로4가,"210,497","208,301","70,504","69,591",2021-09-03 10:03:18
2021-08,2호선,15,동대문역사문화공원(DDP),"224,482","251,538","42,418","44,392",2021-09-03 10:03:18
2021-08,2호선,16,신당,"245,397","257,978","79,821","81,728",2021-09-03 10:03:18
2021-08,2호선,17,상왕십리,"271,693","263,782","55,042","55,731",2021-09-03 10:03:18
2021-08,2호선,18,왕십리(성동구청),"317,602","260,183","40,313","34,106",2021-09-03 10:03:18
2021-08,2호선,19,한양대,"130,467","133,476","9,609","9,422",2021-09-03 10:03:18
2021-08,2호선,20,뚝섬,"435,056","470,209","45,206","46,020",2021-09-03 10:03:18
2021-08,2호선,21,성수,"707,227","779,811","82,662","84,085",2021-09-03 10:03:18
2021-08,2호선,22,건대입구,"726,571","779,064","68,156","71,470",2021-09-03 10:03:18
2021-08,2호선,23,구의(광진구청),"462,644","457,944","80,830","82,923",2021-09-03 10:03:18
2021-08,2호선,24,강변(동서울터미널),"633,618","620,226","86,393","84,546",2021-09-03 10:03:18
2021-08,2호선,25,잠실나루,"255,382","249,343","62,537","62,903",2021-09-03 10:03:18
2021-08,2호선,26,잠실(송파구청),"1,401,484","1,382,916","137,872","131,411",2021-09-03 10:03:18
2021-08,2호선,27,잠실새내,"399,051","401,618","78,837","78,889",2021-09-03 10:03:18
2021-08,2호선,28,종합운동장,"124,233","133,983","29,649","30,872",2021-09-03 10:03:18
2021-08,2호선,29,삼성(무역센터),"993,775","1,002,202","82,505","75,051",2021-09-03 10:03:18
2021-08,2호선,30,선릉,"1,011,985","898,344","169,243","150,209",2021-09-03 10:03:18
2021-08,2호선,31,역삼,"935,409","1,035,992","118,132","118,905",2021-09-03 10:03:18
2021-08,2호선,32,강남,"1,740,176","1,700,077","134,535","119,073",2021-09-03 10:03:18
2021-08,2호선,33,교대(법원.검찰청),"623,938","703,572","110,561","123,252",2021-09-03 10:03:18
2021-08,2호선,34,서초,"413,224","391,825","54,704","53,931",2021-09-03 10:03:18
2021-08,2호선,35,방배,"301,101","323,088","53,735","53,461",2021-09-03 10:03:18
2021-08,2호선,36,사당,"680,207","752,106","130,768","125,386",2021-09-03 10:03:18
2021-08,2호선,37,낙성대(강감찬),"566,381","549,441","82,059","84,461",2021-09-03 10:03:18
2021-08,2호선,38,서울대입구(관악구청),"973,159","964,103","148,153","141,234",2021-09-03 10:03:18
2021-08,2호선,39,봉천,"450,915","416,674","113,664","114,157",2021-09-03 10:03:18
2021-08,2호선,40,신림,"1,327,193","1,288,306","176,411","179,633",2021-09-03 10:03:18
2021-08,2호선,41,신대방,"530,474","513,872","99,237","100,430",2021-09-03 10:03:18
2021-08,2호선,42,구로디지털단지,"1,200,446","1,206,206","130,858","133,287",2021-09-03 10:03:18
2021-08,2호선,43,대림(구로구청),"483,222","495,722","91,611","95,294",2021-09-03 10:03:18
2021-08,2호선,44,신도림,"961,401","942,214","149,081","139,794",2021-09-03 10:03:18
2021-08,2호선,45,문래,"404,772","418,721","60,026","59,323",2021-09-03 10:03:18
2021-08,2호선,46,영등포구청,"426,877","431,159","79,020","77,307",2021-09-03 10:03:18
2021-08,2호선,47,당산,"372,405","427,563","43,882","48,518",2021-09-03 10:03:18
2021-08,2호선,48,합정,"672,971","697,867","52,216","51,667",2021-09-03 10:03:18
2021-08,2호선,49,홍대입구,"1,172,536","1,201,862","75,396","71,591",2021-09-03 10:03:18
2021-08,2호선,50,신촌,"668,487","687,683","95,922","93,040",2021-09-03 10:03:18
2021-08,2호선,51,이대,"251,414","266,696","36,166","37,650",2021-09-03 10:03:18
2021-08,2호선,52,아현,"189,846","182,321","51,424","50,714",2021-09-03 10:03:18
2021-08,2호선,53,충정로(경기대입구),"177,046","186,320","38,195","38,365",2021-09-03 10:03:18
2021-08,2호선,54,용답,"49,096","48,655","14,749","14,576",2021-09-03 10:03:18
2021-08,2호선,55,신답,"28,745","34,502","7,681","8,177",2021-09-03 10:03:18
2021-08,2호선,56,신설동,"54,312","51,465","25,892","27,445",2021-09-03 10:03:18
2021-08,2호선,57,도림천,"25,092","25,603","6,086","6,160",2021-09-03 10:03:18
2021-08,2호선,58,양천구청,"116,676","126,472","34,818","35,190",2021-09-03 10:03:18
2021-08,2호선,59,신정네거리,"182,529","191,433","56,132","57,217",2021-09-03 10:03:18
2021-08,2호선,60,용두(동대문구청),"37,463","37,705","18,644","19,459",2021-09-03 10:03:18
2021-08,3호선,61,지축,"83,559","82,311","18,513","17,911",2021-09-03 10:03:18
2021-08,3호선,62,구파발,"394,180","381,117","91,250","87,627",2021-09-03 10:03:18
2021-08,3호선,63,연신내,"680,167","641,375","209,688","204,780",2021-09-03 10:03:18
2021-08,3호선,64,불광,"278,516","299,938","109,213","119,157",2021-09-03 10:03:18
2021-08,3호선,65,녹번,"292,871","262,579","58,879","58,504",2021-09-03 10:03:18
2021-08,3호선,66,홍제,"292,611","275,841","107,482","105,649",2021-09-03 10:03:18
2021-08,3호선,67,무악재,"68,024","67,423","22,653","25,086",2021-09-03 10:03:18
2021-08,3호선,68,독립문,"111,902","115,477","53,170","51,833",2021-09-03 10:03:18
2021-08,3호선,69,경복궁(정부서울청사),"374,943","376,246","55,352","51,447",2021-09-03 10:03:18
2021-08,3호선,70,안국,"360,891","375,889","57,627","58,797",2021-09-03 10:03:18
2021-08,3호선,71,종로3가,"171,526","205,564","45,521","49,857",2021-09-03 10:03:18
2021-08,3호선,72,을지로3가,"179,659","185,900","41,251","39,164",2021-09-03 10:03:18
2021-08,3호선,73,충무로,32,0,1,0,2021-09-03 10:03:18
2021-08,3호선,74,동대입구,"148,299","154,404","25,112","26,351",2021-09-03 10:03:18
2021-08,3호선,75,약수,"234,351","229,856","64,852","60,959",2021-09-03 10:03:18
2021-08,3호선,76,금호,"146,055","136,971","42,448","41,913",2021-09-03 10:03:18
2021-08,3호선,77,옥수,"165,500","175,624","46,313","46,983",2021-09-03 10:03:18
2021-08,3호선,78,압구정,"630,106","667,432","96,463","93,485",2021-09-03 10:03:18
2021-08,3호선,79,신사,"626,553","659,705","55,653","52,597",2021-09-03 10:03:18
2021-08,3호선,80,잠원,"86,626","85,078","22,613","21,809",2021-09-03 10:03:18
2021-08,3호선,81,고속터미널,"864,196","837,538","127,539","121,428",2021-09-03 10:03:18
2021-08,3호선,82,교대(법원.검찰청),"253,583","163,830","47,788","29,035",2021-09-03 10:03:18
2021-08,3호선,83,남부터미널(예술의전당),"583,212","602,211","89,346","89,572",2021-09-03 10:03:18
2021-08,3호선,84,양재(서초구청),"724,884","794,181","108,952","109,177",2021-09-03 10:03:18
2021-08,3호선,85,매봉,"229,068","221,576","46,321","42,478",2021-09-03 10:03:18
2021-08,3호선,86,도곡,"98,144","101,030","18,779","17,212",2021-09-03 10:03:18
2021-08,3호선,87,대치,"223,720","217,732","46,077","44,166",2021-09-03 10:03:18
2021-08,3호선,88,학여울,"28,899","29,660","10,492","9,999",2021-09-03 10:03:18
2021-08,3호선,89,대청,"183,092","167,995","44,233","43,105",2021-09-03 10:03:18
2021-08,3호선,90,일원,"173,680","172,579","46,437","46,159",2021-09-03 10:03:18
2021-08,3호선,91,수서,"313,554","322,394","78,330","77,390",2021-09-03 10:03:18
2021-08,3호선,92,가락시장,"143,036","139,813","59,352","57,913",2021-09-03 10:03:18
2021-08,3호선,93,경찰병원,"133,375","133,354","32,066","32,831",2021-09-03 10:03:18
2021-08,3호선,94,오금,"119,202","108,840","21,429","20,686",2021-09-03 10:03:18
2021-08,4호선,100,수유(강북구청),"657,576","653,887","150,792","150,538",2021-09-03 10:03:18
2021-08,4호선,101,미아(서울사이버대학),"261,741","251,200","86,561","88,166",2021-09-03 10:03:18
2021-08,4호선,102,미아사거리,"511,980","494,310","141,481","140,132",2021-09-03 10:03:18
2021-08,4호선,103,길음,"368,882","357,636","85,428","86,116",2021-09-03 10:03:18
2021-08,4호선,104,성신여대입구(돈암),"402,574","388,562","64,999","64,122",2021-09-03 10:03:18
2021-08,4호선,105,한성대입구(삼선교),"256,367","247,708","56,839","55,979",2021-09-03 10:03:18
2021-08,4호선,106,혜화,"633,077","641,695","98,424","96,105",2021-09-03 10:03:18
2021-08,4호선,107,동대문,"313,921","327,651","113,038","110,415",2021-09-03 10:03:18
2021-08,4호선,108,동대문역사문화공원(DDP),"292,698","269,124","42,867","38,315",2021-09-03 10:03:18
2021-08,4호선,109,충무로,"464,459","485,936","88,234","88,285",2021-09-03 10:03:18
2021-08,4호선,110,명동,"341,488","355,977","42,073","42,943",2021-09-03 10:03:18
2021-08,4호선,111,회현(남대문시장),"374,567","399,170","127,949","127,755",2021-09-03 10:03:18
2021-08,4호선,112,서울역,"195,335","297,038","29,061","32,477",2021-09-03 10:03:18
2021-08,4호선,113,숙대입구(갈월),"243,482","239,804","40,748","38,349",2021-09-03 10:03:18
2021-08,4호선,114,삼각지,"93,330","105,931","17,900","18,547",2021-09-03 10:03:18
2021-08,4호선,115,신용산,"310,045","330,763","38,498","39,014",2021-09-03 10:03:18
2021-08,4호선,116,이촌(국립중앙박물관),"141,703","159,472","33,589","35,074",2021-09-03 10:03:18
2021-08,4호선,117,동작(현충원),"33,454","36,163","17,435","16,483",2021-09-03 10:03:18
2021-08,4호선,118,총신대입구(이수),"326,852","358,110","114,886","121,564",2021-09-03 10:03:18
2021-08,4호선,119,사당,"490,050","403,150","62,416","60,396",2021-09-03 10:03:18
2021-08,4호선,120,남태령,"20,204","16,483","7,092","6,616",2021-09-03 10:03:18
2021-08,4호선,95,당고개,"236,153","213,387","74,756","74,347",2021-09-03 10:03:18
2021-08,4호선,96,상계,"356,326","329,598","93,702","92,336",2021-09-03 10:03:18
2021-08,4호선,97,노원,"384,222","433,610","67,827","66,740",2021-09-03 10:03:18
2021-08,4호선,98,창동,"454,091","483,992","145,475","151,515",2021-09-03 10:03:18
2021-08,4호선,99,쌍문,"570,546","519,679","123,997","122,134",2021-09-03 10:03:18
2021-08,경부선,121,서울역,"132,258","41,583","7,245","1,793",2021-09-03 10:03:18
2021-08,경부선,122,남영,"175,565","184,157","27,572","28,691",2021-09-03 10:03:18
2021-08,경부선,123,용산,"742,008","740,289","93,812","91,785",2021-09-03 10:03:18
2021-08,경부선,124,노량진,"167,835","166,658","26,548","23,901",2021-09-03 10:03:18
2021-08,경부선,125,대방,"235,710","245,175","51,516","51,183",2021-09-03 10:03:18
2021-08,경부선,126,영등포,"744,652","758,974","165,660","164,605",2021-09-03 10:03:18
2021-08,경부선,127,신도림,"71,751","70,409","19,916","22,288",2021-09-03 10:03:18
2021-08,경부선,151,신길,"174,071","143,453","35,720","33,195",2021-09-03 10:03:18
2021-08,경부선,249,구로,"362,442","369,712","73,906","71,299",2021-09-03 10:03:18
2021-08,경부선,250,가산디지털단지,"346,057","417,715","27,227","30,342",2021-09-03 10:03:18
2021-08,경부선,251,금천구청,"210,422","210,346","59,686","60,726",2021-09-03 10:03:18
2021-08,경부선,252,석수,"188,913","168,665","36,972","35,091",2021-09-03 10:03:18
2021-08,경부선,253,관악,"129,377","121,642","39,874","38,514",2021-09-03 10:03:18
2021-08,경부선,254,안양,"416,531","413,174","87,967","91,870",2021-09-03 10:03:18
2021-08,경부선,255,명학,"167,839","166,030","32,772","31,972",2021-09-03 10:03:18
2021-08,경부선,256,금정,"513,539","522,637","86,549","87,426",2021-09-03 10:03:18
2021-08,경부선,257,군포,"143,262","141,756","27,288","26,373",2021-09-03 10:03:18
2021-08,경부선,258,의왕,"167,675","167,565","33,052","33,131",2021-09-03 10:03:18
2021-08,경부선,259,성균관대,"274,916","276,850","37,345","37,523",2021-09-03 10:03:18
2021-08,경부선,260,화서,"136,425","132,872","30,115","29,387",2021-09-03 10:03:18
2021-08,경부선,261,수원,"741,199","775,575","103,726","106,384",2021-09-03 10:03:18
2021-08,경부선,262,독산,"334,649","350,089","49,716","50,956",2021-09-03 10:03:18
2021-08,경부선,263,세류,"59,903","56,192","11,711","11,304",2021-09-03 10:03:18
2021-08,경부선,264,병점,"282,211","282,428","48,670","48,615",2021-09-03 10:03:18
2021-08,경부선,265,세마,"50,725","47,733","11,448","10,938",2021-09-03 10:03:18
2021-08,경부선,266,오산대,"62,442","58,179","12,409","11,907",2021-09-03 10:03:18
2021-08,경부선,267,오산,"200,291","200,679","34,696","35,281",2021-09-03 10:03:18
2021-08,경부선,268,진위,"29,683","25,830","6,096","5,728",2021-09-03 10:03:18
2021-08,경부선,269,송탄,"90,076","86,472","16,365","15,485",2021-09-03 10:03:18
2021-08,경부선,270,서정리,"126,861","124,431","24,505","24,249",2021-09-03 10:03:18
2021-08,경부선,271,평택지제,"67,921","64,018","8,689","8,421",2021-09-03 10:03:18
2021-08,경부선,272,평택,"248,317","246,992","49,169","48,231",2021-09-03 10:03:18
2021-08,경부선,273,성환,"62,527","63,978","14,594","14,944",2021-09-03 10:03:18
2021-08,경부선,274,직산,"14,656","14,751","3,682","3,526",2021-09-03 10:03:18
2021-08,경부선,275,두정,"104,177","106,108","16,800","17,095",2021-09-03 10:03:18
2021-08,경부선,276,천안,"95,694","98,209","44,583","45,049",2021-09-03 10:03:18
2021-08,경부선,277,당정,"113,414","109,490","22,920","22,397",2021-09-03 10:03:18
2021-08,경부선,278,서동탄,"27,349","24,571","6,100","5,987",2021-09-03 10:03:18
2021-08,경부선,279,광명,"70,372","60,617","6,858","6,541",2021-09-03 10:03:18
2021-08,경인선,293,개봉,"389,353","392,608","119,246","125,534",2021-09-03 10:03:18
2021-08,경인선,294,오류동,"216,060","201,587","70,301","68,941",2021-09-03 10:03:18
2021-08,경인선,295,역곡,"505,672","502,473","118,507","120,899",2021-09-03 10:03:18
2021-08,경인선,296,부천,"631,789","633,157","163,626","166,064",2021-09-03 10:03:18
2021-08,경인선,297,송내,"520,630","520,973","92,468","91,303",2021-09-03 10:03:18
2021-08,경인선,298,부평,"623,369","662,919","109,914","111,336",2021-09-03 10:03:18
2021-08,경인선,299,백운,"120,928","119,484","45,727","46,161",2021-09-03 10:03:18
2021-08,경인선,300,동암,"286,916","288,557","74,399","75,819",2021-09-03 10:03:18
2021-08,경인선,301,주안,"377,057","342,993","68,312","60,824",2021-09-03 10:03:18
2021-08,경인선,302,제물포,"189,466","182,591","47,353","47,208",2021-09-03 10:03:18
2021-08,경인선,303,동인천,"243,223","231,173","91,876","89,338",2021-09-03 10:03:18
2021-08,경인선,304,인천,"65,396","47,232","34,478","31,138",2021-09-03 10:03:18
2021-08,경인선,305,구일,"107,035","108,734","32,415","31,836",2021-09-03 10:03:18
2021-08,경인선,306,소사,"159,549","155,148","47,357","47,369",2021-09-03 10:03:18
2021-08,경인선,307,부개,"151,254","140,201","49,070","48,197",2021-09-03 10:03:18
2021-08,경인선,308,간석,"105,435","100,331","35,124","34,390",2021-09-03 10:03:18
2021-08,경인선,309,도원,"43,754","43,808","22,581","24,020",2021-09-03 10:03:18
2021-08,경인선,310,온수(성공회대입구),"116,367","111,972","37,047","35,720",2021-09-03 10:03:18
2021-08,경인선,311,중동,"161,272","151,496","54,088","53,135",2021-09-03 10:03:18
2021-08,경인선,312,도화,"68,334","62,585","30,609","29,724",2021-09-03 10:03:18
2021-08,경원선,128,이촌(국립중앙박물관),"67,478","51,195","20,619","17,990",2021-09-03 10:03:18
2021-08,경원선,129,서빙고,"33,189","29,216","12,105","11,211",2021-09-03 10:03:18
2021-08,경원선,130,한남,"74,269","70,261","23,250","21,492",2021-09-03 10:03:18
2021-08,경원선,131,옥수,"1,322",878,82,45,2021-09-03 10:03:18
2021-08,경원선,132,응봉,"29,210","24,418","12,913","11,730",2021-09-03 10:03:18
2021-08,경원선,133,왕십리(성동구청),"279,151","325,780","49,105","53,805",2021-09-03 10:03:18
2021-08,경원선,134,청량리(서울시립대입구),"274,321","280,538","118,082","126,543",2021-09-03 10:03:18
2021-08,경원선,136,외대앞,"131,966","132,372","35,576","37,113",2021-09-03 10:03:18
2021-08,경원선,137,신이문,"146,244","133,919","55,320","53,805",2021-09-03 10:03:18
2021-08,경원선,138,석계,"144,174","163,918","49,110","53,410",2021-09-03 10:03:18
2021-08,경원선,139,광운대,"138,171","131,697","44,329","43,553",2021-09-03 10:03:18
2021-08,경원선,140,월계,"99,360","94,768","48,660","46,999",2021-09-03 10:03:18
2021-08,경원선,141,녹천,"79,873","66,637","30,919","27,513",2021-09-03 10:03:18
2021-08,경원선,142,창동,3,0,3,0,2021-09-03 10:03:18
2021-08,경원선,358,방학,"147,733","143,880","84,532","83,786",2021-09-03 10:03:18
2021-08,경원선,359,도봉,"89,323","84,291","58,546","58,158",2021-09-03 10:03:18
2021-08,경원선,360,도봉산,"115,631","61,360","93,745","74,518",2021-09-03 10:03:18
2021-08,경원선,361,망월사,"121,591","124,503","55,169","56,182",2021-09-03 10:03:18
2021-08,경원선,362,회룡,"185,396","183,811","113,560","113,178",2021-09-03 10:03:18
2021-08,경원선,363,의정부,"366,774","379,339","85,090","86,686",2021-09-03 10:03:18
2021-08,경원선,364,가능,"115,483","110,075","46,415","46,009",2021-09-03 10:03:18
2021-08,경원선,365,녹양,"79,255","76,675","30,381","29,392",2021-09-03 10:03:18
2021-08,경원선,366,양주,"144,081","135,522","46,445","45,300",2021-09-03 10:03:18
2021-08,경원선,367,덕계,"53,215","47,465","17,438","16,820",2021-09-03 10:03:18
2021-08,경원선,368,덕정,"101,029","97,696","27,436","27,611",2021-09-03 10:03:18
2021-08,경원선,369,지행,"118,713","118,381","35,727","35,927",2021-09-03 10:03:18
2021-08,경원선,370,동두천중앙,"49,049","47,518","29,260","28,770",2021-09-03 10:03:18
2021-08,경원선,371,보산,"28,425","26,171","11,522","10,702",2021-09-03 10:03:18
2021-08,경원선,372,동두천,"30,314","34,020","21,041","25,377",2021-09-03 10:03:18
2021-08,경원선,373,소요산,"27,883","21,261","66,302","60,212",2021-09-03 10:03:18
2021-08,안산선,280,산본,"299,031","326,065","72,899","75,401",2021-09-03 10:03:18
2021-08,안산선,281,대야미,"93,149","83,934","24,802","23,768",2021-09-03 10:03:18
2021-08,안산선,282,반월,"78,119","75,744","22,701","22,468",2021-09-03 10:03:18
2021-08,안산선,283,상록수,"315,560","317,236","54,165","54,771",2021-09-03 10:03:18
2021-08,안산선,284,한대앞,"169,906","169,521","34,430","34,981",2021-09-03 10:03:18
2021-08,안산선,285,중앙,"362,289","375,501","44,218","43,545",2021-09-03 10:03:18
2021-08,안산선,286,고잔,"172,758","164,697","26,250","25,119",2021-09-03 10:03:18
2021-08,안산선,287,초지,"89,229","92,147","11,902","12,105",2021-09-03 10:03:18
2021-08,안산선,288,안산,"258,037","239,725","30,479","28,603",2021-09-03 10:03:18
2021-08,안산선,289,신길온천,"32,519","29,792","8,092","8,029",2021-09-03 10:03:18
2021-08,안산선,290,정왕,"161,884","171,949","21,122","22,580",2021-09-03 10:03:18
2021-08,안산선,291,오이도,"180,982","176,164","31,652","30,983",2021-09-03 10:03:18
2021-08,안산선,292,수리산,"70,849","56,699","26,105","24,260",2021-09-03 10:03:18
2021-08,과천선,230,선바위,"160,067","139,953","25,031","24,900",2021-09-03 10:03:18
2021-08,과천선,231,경마공원,"21,306","20,760","7,102","6,851",2021-09-03 10:03:18
2021-08,과천선,232,대공원,"42,823","45,547","31,999","32,123",2021-09-03 10:03:18
2021-08,과천선,233,과천,"101,694","93,426","31,383","30,177",2021-09-03 10:03:18
2021-08,과천선,234,정부과천청사,"189,435","188,481","38,544","38,477",2021-09-03 10:03:18
2021-08,과천선,235,인덕원,"450,652","468,660","77,193","80,049",2021-09-03 10:03:18
2021-08,과천선,236,평촌,"339,262","333,785","48,105","47,842",2021-09-03 10:03:18
2021-08,과천선,237,범계,"511,639","505,245","76,049","74,641",2021-09-03 10:03:18
2021-08,분당선,143,선릉,"247,743","367,449","32,907","42,284",2021-09-03 10:03:18
2021-08,분당선,144,한티,"302,688","317,123","49,525","50,929",2021-09-03 10:03:18
2021-08,분당선,145,도곡,"118,666","116,991","32,351","31,070",2021-09-03 10:03:18
2021-08,분당선,146,구룡,"31,586","30,625","11,096","10,993",2021-09-03 10:03:18
2021-08,분당선,147,개포동,"67,081","69,646","17,992","17,792",2021-09-03 10:03:18
2021-08,분당선,148,대모산입구,"63,639","58,112","22,871","22,695",2021-09-03 10:03:18
2021-08,분당선,149,수서,"265,588","272,966","49,098","50,437",2021-09-03 10:03:18
2021-08,분당선,150,복정,11,0,0,0,2021-09-03 10:03:18
2021-08,분당선,313,수원,"169,086","140,268","23,707","21,222",2021-09-03 10:03:18
2021-08,분당선,314,서울숲,"215,596","217,377","22,318","21,919",2021-09-03 10:03:18
2021-08,분당선,315,압구정로데오,"402,436","441,341","35,733","33,740",2021-09-03 10:03:18
2021-08,분당선,316,강남구청,"187,467","216,607","29,555","31,877",2021-09-03 10:03:18
2021-08,분당선,317,선정릉,"150,670","161,130","20,902","20,332",2021-09-03 10:03:18
2021-08,분당선,318,가천대,"126,586","148,959","20,962","22,132",2021-09-03 10:03:18
2021-08,분당선,319,태평,"257,671","239,701","73,651","76,606",2021-09-03 10:03:18
2021-08,분당선,320,모란,"357,668","351,720","135,499","147,010",2021-09-03 10:03:18
2021-08,분당선,321,야탑,"470,284","497,475","108,102","107,275",2021-09-03 10:03:18
2021-08,분당선,322,서현,"482,074","492,406","89,008","85,467",2021-09-03 10:03:18
2021-08,분당선,323,수내,"245,274","244,783","55,348","54,022",2021-09-03 10:03:18
2021-08,분당선,324,정자,"327,457","345,682","47,233","47,516",2021-09-03 10:03:18
2021-08,분당선,325,미금,"275,319","292,194","80,766","85,488",2021-09-03 10:03:18
2021-08,분당선,326,오리,"213,649","176,550","55,641","47,918",2021-09-03 10:03:18
2021-08,분당선,327,이매,"99,928","94,620","29,275","28,350",2021-09-03 10:03:18
2021-08,분당선,328,보정,"40,025","34,732","14,511","13,747",2021-09-03 10:03:18
2021-08,분당선,329,죽전,"252,109","282,103","49,633","54,104",2021-09-03 10:03:18
2021-08,분당선,330,구성,"82,903","91,298","25,002","25,480",2021-09-03 10:03:18
2021-08,분당선,331,신갈,"80,464","80,254","20,391","20,887",2021-09-03 10:03:18
2021-08,분당선,332,기흥,"185,459","177,471","32,715","31,713",2021-09-03 10:03:18
2021-08,분당선,333,상갈,"99,732","98,161","24,073","23,410",2021-09-03 10:03:18
2021-08,분당선,334,청명,"78,126","75,117","14,532","14,408",2021-09-03 10:03:18
2021-08,분당선,335,영통,"165,362","167,954","21,296","21,742",2021-09-03 10:03:18
2021-08,분당선,336,망포,"280,980","268,773","26,698","25,712",2021-09-03 10:03:18
2021-08,분당선,337,매탄권선,"96,024","92,282","14,646","14,155",2021-09-03 10:03:18
2021-08,분당선,338,수원시청,"257,674","273,362","29,746","30,484",2021-09-03 10:03:18
2021-08,분당선,339,매교,"52,427","52,727","12,841","12,896",2021-09-03 10:03:18
2021-08,일산선,374,원흥,"193,922","186,855","45,149","43,397",2021-09-03 10:03:18
2021-08,일산선,375,지축,4,0,0,0,2021-09-03 10:03:18
2021-08,일산선,376,삼송,"358,197","347,564","77,110","78,078",2021-09-03 10:03:18
2021-08,일산선,377,원당,"198,483","188,855","63,618","62,737",2021-09-03 10:03:18
2021-08,일산선,378,화정,"310,788","322,011","88,656","91,359",2021-09-03 10:03:18
2021-08,일산선,379,대곡,"33,723","25,602","10,453","9,834",2021-09-03 10:03:18
2021-08,일산선,380,백석,"179,132","180,374","55,745","55,183",2021-09-03 10:03:18
2021-08,일산선,381,마두,"125,352","129,678","49,599","50,861",2021-09-03 10:03:18
2021-08,일산선,382,정발산,"141,576","144,173","36,383","34,093",2021-09-03 10:03:18
2021-08,일산선,383,주엽,"147,494","146,031","64,350","66,302",2021-09-03 10:03:18
2021-08,일산선,384,대화,"239,104","191,825","60,934","56,769",2021-09-03 10:03:18
2021-08,중앙선,135,회기,"461,990","451,274","98,598","96,497",2021-09-03 10:03:18
2021-08,중앙선,152,중랑,"98,438","93,154","41,057","40,191",2021-09-03 10:03:18
2021-08,중앙선,153,상봉(시외버스터미널),"114,627","115,387","33,503","31,780",2021-09-03 10:03:18
2021-08,중앙선,154,망우,"129,501","126,885","56,441","57,498",2021-09-03 10:03:18
2021-08,중앙선,155,양원,"27,528","27,992","14,320","14,361",2021-09-03 10:03:18
2021-08,중앙선,156,구리,"251,229","258,548","63,992","64,977",2021-09-03 10:03:18
2021-08,중앙선,157,도농,"178,906","165,455","46,796","45,383",2021-09-03 10:03:18
2021-08,중앙선,158,양정,"12,574","10,647","7,370","6,757",2021-09-03 10:03:18
2021-08,중앙선,159,덕소,"99,518","99,952","37,972","37,840",2021-09-03 10:03:18
2021-08,중앙선,160,도심,"41,752","31,523","14,821","13,969",2021-09-03 10:03:18
2021-08,중앙선,161,팔당,"20,940","21,143","7,484","7,558",2021-09-03 10:03:18
2021-08,중앙선,162,운길산,"14,570","13,148","10,216","10,001",2021-09-03 10:03:18
2021-08,중앙선,163,양수,"33,706","33,414","20,789","21,371",2021-09-03 10:03:18
2021-08,중앙선,164,신원,"2,987","2,321","2,923","2,413",2021-09-03 10:03:18
2021-08,중앙선,165,국수,"10,355","10,006","7,522","7,584",2021-09-03 10:03:18
2021-08,중앙선,166,아신,"10,161","9,929","4,863","4,924",2021-09-03 10:03:18
2021-08,중앙선,167,오빈,"4,593","4,462","3,370","3,389",2021-09-03 10:03:18
2021-08,중앙선,168,양평,"47,592","47,113","24,950","25,428",2021-09-03 10:03:18
2021-08,중앙선,169,원덕,"4,794","4,255","4,995","4,796",2021-09-03 10:03:18
2021-08,중앙선,170,용문,"28,032","27,705","37,264","37,044",2021-09-03 10:03:18
2021-08,중앙선,171,지평,740,937,"1,112","1,082",2021-09-03 10:03:18
2021-08,장항선,224,봉명,"19,066","18,399","8,086","7,816",2021-09-03 10:03:18
2021-08,장항선,225,쌍용(나사렛대),"33,525","31,464","8,700","8,410",2021-09-03 10:03:18
2021-08,장항선,226,아산,"62,921","55,721","8,697","8,179",2021-09-03 10:03:18
2021-08,장항선,227,배방,"19,135","18,938","5,442","5,404",2021-09-03 10:03:18
2021-08,장항선,228,온양온천,"57,091","58,437","34,129","34,772",2021-09-03 10:03:18
2021-08,장항선,229,신창(순천향대),"26,572","26,932","6,635","6,239",2021-09-03 10:03:18
2021-08,경의선,173,신촌,"15,616","18,673","2,991","3,253",2021-09-03 10:03:18
2021-08,경의선,174,효창공원앞,"53,183","62,660","11,943","12,958",2021-09-03 10:03:18
2021-08,경의선,176,서강대,"42,061","40,137","9,560","8,986",2021-09-03 10:03:18
2021-08,경의선,178,가좌,"89,987","85,433","34,776","35,057",2021-09-03 10:03:18
2021-08,경의선,180,수색,"46,385","47,270","11,968","11,903",2021-09-03 10:03:18
2021-08,경의선,181,화전,"26,084","24,241","8,291","8,146",2021-09-03 10:03:18
2021-08,경의선,182,강매,"57,625","49,874","14,275","13,507",2021-09-03 10:03:18
2021-08,경의선,183,행신,"152,853","154,746","25,995","26,703",2021-09-03 10:03:18
2021-08,경의선,184,능곡,"66,025","60,147","23,725","23,037",2021-09-03 10:03:18
2021-08,경의선,185,곡산,"9,588","9,827","3,947","4,166",2021-09-03 10:03:18
2021-08,경의선,186,백마,"130,503","126,329","27,516","27,520",2021-09-03 10:03:18
2021-08,경의선,187,풍산,"105,052","98,446","26,624","25,889",2021-09-03 10:03:18
2021-08,경의선,188,일산,"163,681","163,733","45,467","45,525",2021-09-03 10:03:18
2021-08,경의선,189,탄현,"147,570","142,447","29,028","28,618",2021-09-03 10:03:18
2021-08,경의선,190,야당,"134,884","132,291","26,144","25,012",2021-09-03 10:03:18
2021-08,경의선,191,운정,"124,688","118,341","28,399","28,388",2021-09-03 10:03:18
2021-08,경의선,192,금릉,"90,610","87,577","20,676","20,366",2021-09-03 10:03:18
2021-08,경의선,193,금촌,"120,103","119,416","34,237","35,181",2021-09-03 10:03:18
2021-08,경의선,194,월롱,"45,211","44,764","6,653","7,498",2021-09-03 10:03:18
2021-08,경의선,195,파주,"20,563","14,494","6,680","5,697",2021-09-03 10:03:18
2021-08,경의선,196,문산,"91,432","90,243","37,181","37,100",2021-09-03 10:03:18
2021-08,경의선,197,임진강,449,241,463,445,2021-09-03 10:03:18
2021-08,경의선,198,서울역,"75,514","89,903","11,236","13,948",2021-09-03 10:03:18
2021-08,경의선,199,공덕,"68,595","60,090","10,803","10,679",2021-09-03 10:03:18
2021-08,경의선,200,홍대입구,"37,537","42,140","4,362","4,559",2021-09-03 10:03:18
2021-08,경의선,201,디지털미디어시티,"48,561","44,727","8,812","8,824",2021-09-03 10:03:18
2021-08,경의선,203,계양,5,0,0,0,2021-09-03 10:03:18
2021-08,경의선,204,검암,3,0,1,0,2021-09-03 10:03:18
2021-08,경춘선,205,신내,"27,312","26,959","12,968","12,180",2021-09-03 10:03:18
2021-08,경춘선,206,갈매,"54,174","47,016","15,506","14,878",2021-09-03 10:03:18
2021-08,경춘선,207,별내,"57,583","55,894","17,331","16,819",2021-09-03 10:03:18
2021-08,경춘선,208,퇴계원,"64,462","59,743","22,660","22,286",2021-09-03 10:03:18
2021-08,경춘선,209,사릉,"60,741","59,020","16,409","17,151",2021-09-03 10:03:18
2021-08,경춘선,210,금곡,"23,724","22,629","12,845","12,448",2021-09-03 10:03:18
2021-08,경춘선,211,평내호평,"111,618","110,228","35,734","34,365",2021-09-03 10:03:18
2021-08,경춘선,212,천마산,"26,911","24,624","15,143","15,596",2021-09-03 10:03:18
2021-08,경춘선,213,마석,"68,533","68,328","27,603","28,107",2021-09-03 10:03:18
2021-08,경춘선,214,대성리,"9,415","8,248","5,792","5,296",2021-09-03 10:03:18
2021-08,경춘선,215,청평,"29,945","28,519","14,584","14,676",2021-09-03 10:03:18
2021-08,경춘선,216,상천,"4,317","3,479","4,318","4,160",2021-09-03 10:03:18
2021-08,경춘선,217,가평,"44,152","44,423","13,234","12,891",2021-09-03 10:03:18
2021-08,경춘선,218,굴봉산,"2,369","1,910","2,567","2,506",2021-09-03 10:03:18
2021-08,경춘선,219,백양리,"2,331","1,866","1,737","1,629",2021-09-03 10:03:18
2021-08,경춘선,220,강촌,"12,359","11,450","5,271","5,528",2021-09-03 10:03:18
2021-08,경춘선,221,김유정,"6,539","7,146","3,488","3,644",2021-09-03 10:03:18
2021-08,경춘선,222,남춘천,"44,591","46,711","20,665","21,588",2021-09-03 10:03:18
2021-08,경춘선,223,춘천,"25,488","23,189","15,368","13,360",2021-09-03 10:03:18
2021-08,수인선,340,고색,"77,843","74,611","11,676","10,524",2021-09-03 10:03:18
2021-08,수인선,341,오목천,"49,831","46,897","8,718","8,911",2021-09-03 10:03:18
2021-08,수인선,342,어천,"14,215","14,192","3,582","3,882",2021-09-03 10:03:18
2021-08,수인선,343,야목,"5,022","4,171","1,617","1,438",2021-09-03 10:03:18
2021-08,수인선,344,사리,"84,920","75,235","12,983","12,345",2021-09-03 10:03:18
2021-08,수인선,345,달월,"1,325",988,957,589,2021-09-03 10:03:18
2021-08,수인선,346,월곶,"50,075","47,316","11,497","11,439",2021-09-03 10:03:18
2021-08,수인선,347,소래포구,"83,274","80,520","48,524","47,640",2021-09-03 10:03:18
2021-08,수인선,348,인천논현,"104,583","110,770","24,726","25,138",2021-09-03 10:03:18
2021-08,수인선,349,호구포,"73,778","78,190","16,136","16,308",2021-09-03 10:03:18
2021-08,수인선,350,남동인더스파크,"44,949","49,531","5,656","5,764",2021-09-03 10:03:18
2021-08,수인선,351,원인재,"80,572","85,119","24,929","24,919",2021-09-03 10:03:18
2021-08,수인선,352,연수,"82,810","81,899","21,581","21,732",2021-09-03 10:03:18
2021-08,수인선,353,송도,"41,993","38,310","16,146","16,253",2021-09-03 10:03:18
2021-08,수인선,354,인하대,"108,696","102,773","20,039","19,572",2021-09-03 10:03:18
2021-08,수인선,355,숭의,"68,676","63,190","23,155","22,080",2021-09-03 10:03:18
2021-08,수인선,356,신포,"31,064","31,183","10,912","11,003",2021-09-03 10:03:18
2021-08,수인선,357,인천,"17,494","31,231","14,128","17,136",2021-09-03 10:03:18
2021-08,경강선,238,판교,"91,714","88,949","10,366","9,241",2021-09-03 10:03:18
2021-08,경강선,239,이매,"20,847","17,461","4,833","4,594",2021-09-03 10:03:18
2021-08,경강선,240,삼동,"44,125","40,113","9,293","9,124",2021-09-03 10:03:18
2021-08,경강선,241,경기광주,"142,367","136,336","22,674","22,985",2021-09-03 10:03:18
2021-08,경강선,242,초월,"58,831","56,401","10,660","10,503",2021-09-03 10:03:18
2021-08,경강선,243,곤지암,"40,372","41,469","10,283","10,527",2021-09-03 10:03:18
2021-08,경강선,244,신둔도예촌,"26,366","24,979","5,610","5,594",2021-09-03 10:03:18
2021-08,경강선,245,이천,"52,929","55,711","9,830","10,525",2021-09-03 10:03:18
2021-08,경강선,246,부발,"40,491","39,751","6,163","6,130",2021-09-03 10:03:18
2021-08,경강선,247,세종대왕릉,"5,033","4,950","2,725","2,818",2021-09-03 10:03:18
2021-08,경강선,248,여주,"38,308","39,747","12,972","12,860",2021-09-03 10:03:18
2021-08,5호선,385,방화,"119,306","114,818","40,939","39,531",2021-09-03 10:03:18
2021-08,5호선,386,개화산,"97,872","93,832","30,020","30,114",2021-09-03 10:03:18
2021-08,5호선,387,김포공항,"168,986","152,981","27,405","28,837",2021-09-03 10:03:18
2021-08,5호선,388,송정,"118,036","111,709","39,756","38,402",2021-09-03 10:03:18
2021-08,5호선,389,마곡,"196,814","195,750","30,833","30,307",2021-09-03 10:03:18
2021-08,5호선,390,발산,"375,472","390,697","68,739","65,809",2021-09-03 10:03:18
2021-08,5호선,391,우장산,"255,886","252,527","69,128","72,589",2021-09-03 10:03:18
2021-08,5호선,392,화곡,"544,258","511,057","112,453","107,311",2021-09-03 10:03:18
2021-08,5호선,393,까치산,"559,185","539,811","123,726","126,278",2021-09-03 10:03:18
2021-08,5호선,394,신정(은행정),"269,275","215,748","47,592","46,709",2021-09-03 10:03:18
2021-08,5호선,395,목동,"319,900","352,982","64,737","64,902",2021-09-03 10:03:18
2021-08,5호선,396,오목교(목동운동장앞),"443,415","480,220","63,256","63,276",2021-09-03 10:03:18
2021-08,5호선,397,양평,"139,803","139,479","22,439","22,286",2021-09-03 10:03:18
2021-08,5호선,398,영등포구청,"69,528","70,617","15,691","15,619",2021-09-03 10:03:18
2021-08,5호선,399,영등포시장,"173,793","180,669","46,239","46,353",2021-09-03 10:03:18
2021-08,5호선,400,신길,"83,027","89,733","8,629","8,993",2021-09-03 10:03:18
2021-08,5호선,401,여의도,"528,178","551,403","39,037","35,848",2021-09-03 10:03:18
2021-08,5호선,402,여의나루,"211,750","230,973","19,915","19,187",2021-09-03 10:03:18
2021-08,5호선,403,마포,"259,781","267,009","47,092","45,987",2021-09-03 10:03:18
2021-08,5호선,404,공덕,"263,323","283,249","32,274","30,562",2021-09-03 10:03:18
2021-08,5호선,405,애오개,"122,731","123,141","28,325","27,374",2021-09-03 10:03:18
2021-08,5호선,406,충정로(경기대입구),"89,993","90,685","11,299","11,750",2021-09-03 10:03:18
2021-08,5호선,407,서대문,"345,763","351,394","49,842","46,455",2021-09-03 10:03:18
2021-08,5호선,408,광화문(세종문화회관),"576,105","600,413","51,895","50,103",2021-09-03 10:03:18
2021-08,5호선,409,종로3가,"207,506","202,438","71,776","77,840",2021-09-03 10:03:18
2021-08,5호선,410,을지로4가,"93,455","96,330","35,883","35,067",2021-09-03 10:03:18
2021-08,5호선,411,동대문역사문화공원(DDP),"54,068","62,535","6,684","7,372",2021-09-03 10:03:18
2021-08,5호선,412,청구,"71,450","68,849","20,457","16,274",2021-09-03 10:03:18
2021-08,5호선,413,신금호,"113,317","116,503","29,405","33,436",2021-09-03 10:03:18
2021-08,5호선,414,행당,"150,129","135,169","39,212","35,049",2021-09-03 10:03:18
2021-08,5호선,415,왕십리(성동구청),"90,483","102,156","17,908","17,488",2021-09-03 10:03:18
2021-08,5호선,416,마장,"98,933","90,776","29,176","28,203",2021-09-03 10:03:18
2021-08,5호선,417,답십리,"301,957","275,765","61,038","58,470",2021-09-03 10:03:18
2021-08,5호선,418,장한평,"351,894","347,461","69,462","69,803",2021-09-03 10:03:18
2021-08,5호선,419,군자(능동),"230,222","251,859","30,814","31,725",2021-09-03 10:03:18
2021-08,5호선,420,아차산(어린이대공원후문),"269,453","264,681","75,047","73,939",2021-09-03 10:03:18
2021-08,5호선,421,광나루(장신대),"246,231","224,543","54,083","51,374",2021-09-03 10:03:18
2021-08,5호선,422,천호(풍납토성),"343,228","334,150","95,111","97,194",2021-09-03 10:03:18
2021-08,5호선,423,강동,"348,941","335,425","75,966","73,524",2021-09-03 10:03:18
2021-08,5호선,424,길동,"135,527","140,953","56,031","57,821",2021-09-03 10:03:18
2021-08,5호선,425,굽은다리(강동구민회관앞),"174,518","168,440","55,160","51,299",2021-09-03 10:03:18
2021-08,5호선,426,명일,"145,796","151,098","49,153","51,864",2021-09-03 10:03:18
2021-08,5호선,427,고덕,"169,698","171,897","48,746","48,827",2021-09-03 10:03:18
2021-08,5호선,428,상일동,"283,671","261,688","66,970","64,699",2021-09-03 10:03:18
2021-08,5호선,429,둔촌동,"151,889","151,574","49,076","49,891",2021-09-03 10:03:18
2021-08,5호선,430,올림픽공원(한국체대),"71,274","60,854","27,115","24,307",2021-09-03 10:03:18
2021-08,5호선,431,방이,"129,791","133,376","34,679","34,426",2021-09-03 10:03:18
2021-08,5호선,432,오금,"71,268","68,855","15,694","14,894",2021-09-03 10:03:18
2021-08,5호선,433,개롱,"113,669","121,392","36,457","37,914",2021-09-03 10:03:18
2021-08,5호선,434,거여,"153,049","147,362","46,487","46,244",2021-09-03 10:03:18
2021-08,5호선,435,마천,"107,904","105,353","41,909","43,594",2021-09-03 10:03:18
2021-08,5호선,436,강일,"57,180","56,575","20,770","20,414",2021-09-03 10:03:18
2021-08,5호선,437,미사,"305,047","305,778","50,296","50,628",2021-09-03 10:03:18
2021-08,5호선,438,하남풍산,"75,664","76,575","18,095","17,841",2021-09-03 10:03:18
2021-08,5호선,439,하남시청(덕풍·신장),"90,738","88,916","40,737","41,807",2021-09-03 10:03:18
2021-08,5호선,440,하남검단산,"90,726","87,906","34,205","34,098",2021-09-03 10:03:18
2021-08,6호선,441,응암,"322,124","324,027","91,143","90,823",2021-09-03 10:03:18
2021-08,6호선,442,역촌,"66,911","81,607","28,899","27,981",2021-09-03 10:03:18
2021-08,6호선,443,불광,"73,770","76,505","30,514","25,763",2021-09-03 10:03:18
2021-08,6호선,444,독바위,"50,281","52,089","16,604","20,422",2021-09-03 10:03:18
2021-08,6호선,445,연신내,34,0,1,0,2021-09-03 10:03:18
2021-08,6호선,446,구산,"139,163","98,068","41,372","43,359",2021-09-03 10:03:18
2021-08,6호선,447,새절(신사),"227,469","210,788","68,395","69,136",2021-09-03 10:03:18
2021-08,6호선,448,증산(명지대앞),"180,589","179,160","57,062","58,081",2021-09-03 10:03:18
2021-08,6호선,449,디지털미디어시티,"256,095","279,857","41,889","41,947",2021-09-03 10:03:18
2021-08,6호선,450,월드컵경기장(성산),"69,944","75,182","47,174","46,293",2021-09-03 10:03:18
2021-08,6호선,451,마포구청,"271,302","245,687","62,027","55,910",2021-09-03 10:03:18
2021-08,6호선,452,망원,"279,523","306,558","65,750","68,652",2021-09-03 10:03:18
2021-08,6호선,453,합정,"280,260","269,939","30,724","28,596",2021-09-03 10:03:18
2021-08,6호선,454,상수,"172,882","196,266","17,174","17,592",2021-09-03 10:03:18
2021-08,6호선,455,광흥창(서강),"167,436","160,430","34,680","34,403",2021-09-03 10:03:18
2021-08,6호선,456,대흥(서강대앞),"153,318","158,867","34,197","33,748",2021-09-03 10:03:18
2021-08,6호선,457,공덕,"339,219","327,816","56,102","52,613",2021-09-03 10:03:18
2021-08,6호선,458,효창공원앞,"127,293","112,310","30,780","28,731",2021-09-03 10:03:18
2021-08,6호선,459,삼각지,"129,174","110,821","12,075","10,005",2021-09-03 10:03:18
2021-08,6호선,460,녹사평(용산구청),"104,104","103,533","14,660","14,098",2021-09-03 10:03:18
2021-08,6호선,461,이태원,"195,849","201,603","23,863","24,612",2021-09-03 10:03:18
2021-08,6호선,462,한강진,"165,925","190,903","11,712","11,320",2021-09-03 10:03:18
2021-08,6호선,463,버티고개,"35,958","36,407","8,307","11,917",2021-09-03 10:03:18
2021-08,6호선,464,약수,"66,406","64,555","18,792","17,861",2021-09-03 10:03:18
2021-08,6호선,465,청구,"72,196","73,452","15,836","18,228",2021-09-03 10:03:18
2021-08,6호선,466,신당,"164,833","172,193","28,072","27,007",2021-09-03 10:03:18
2021-08,6호선,467,동묘앞,"144,477","151,480","54,975","51,190",2021-09-03 10:03:18
2021-08,6호선,468,창신,"65,604","51,961","15,207","14,259",2021-09-03 10:03:18
2021-08,6호선,469,보문,"142,159","131,890","23,022","22,197",2021-09-03 10:03:18
2021-08,6호선,470,안암(고대병원앞),"193,347","194,677","26,030","24,267",2021-09-03 10:03:18
2021-08,6호선,471,고려대(종암),"148,747","141,985","26,546","26,453",2021-09-03 10:03:18
2021-08,6호선,472,월곡(동덕여대),"202,045","202,486","55,928","55,888",2021-09-03 10:03:18
2021-08,6호선,473,상월곡(한국과학기술연구원),"112,660","99,050","31,915","31,406",2021-09-03 10:03:18
2021-08,6호선,474,돌곶이,"166,326","155,810","44,684","43,971",2021-09-03 10:03:18
2021-08,6호선,475,석계,"223,101","232,279","60,338","60,732",2021-09-03 10:03:18
2021-08,6호선,476,태릉입구,"104,246","115,083","23,393","24,897",2021-09-03 10:03:18
2021-08,6호선,477,화랑대(서울여대입구),"219,053","171,201","35,319","31,243",2021-09-03 10:03:18
2021-08,6호선,478,봉화산(서울의료원),"162,724","152,850","38,828","38,524",2021-09-03 10:03:18
2021-08,6호선,479,신내,3,0,0,0,2021-09-03 10:03:18
2021-08,7호선,480,장암,"46,449","19,884","9,192","7,241",2021-09-03 10:03:18
2021-08,7호선,481,도봉산,"175,736","203,604","39,740","56,999",2021-09-03 10:03:18
2021-08,7호선,482,수락산,"236,776","235,501","78,575","79,049",2021-09-03 10:03:18
2021-08,7호선,483,마들,"231,519","219,212","67,239","67,176",2021-09-03 10:03:18
2021-08,7호선,484,노원,"377,333","400,125","92,521","93,185",2021-09-03 10:03:18
2021-08,7호선,485,중계,"255,394","230,387","68,216","66,173",2021-09-03 10:03:18
2021-08,7호선,486,하계,"326,006","308,491","78,869","75,884",2021-09-03 10:03:18
2021-08,7호선,487,공릉(서울과학기술대),"215,500","216,349","53,404","53,682",2021-09-03 10:03:18
2021-08,7호선,488,태릉입구,"162,691","154,502","34,319","31,829",2021-09-03 10:03:18
2021-08,7호선,489,먹골,"191,420","186,938","50,763","51,842",2021-09-03 10:03:18
2021-08,7호선,490,중화,"209,759","204,970","51,666","51,727",2021-09-03 10:03:18
2021-08,7호선,491,상봉(시외버스터미널),"346,106","326,099","55,296","52,733",2021-09-03 10:03:18
2021-08,7호선,492,면목,"288,424","282,061","78,382","81,431",2021-09-03 10:03:18
2021-08,7호선,493,사가정,"312,199","311,377","79,847","79,281",2021-09-03 10:03:18
2021-08,7호선,494,용마산(용마폭포공원),"115,699","113,234","28,461","30,853",2021-09-03 10:03:18
2021-08,7호선,495,중곡,"187,468","175,547","46,645","47,620",2021-09-03 10:03:18
2021-08,7호선,496,군자(능동),"286,072","230,193","58,259","51,886",2021-09-03 10:03:18
2021-08,7호선,497,어린이대공원(세종대),"246,921","242,004","31,156","30,686",2021-09-03 10:03:18
2021-08,7호선,498,건대입구,"247,515","255,187","41,997","37,440",2021-09-03 10:03:18
2021-08,7호선,499,뚝섬유원지,"173,078","162,469","34,567","34,836",2021-09-03 10:03:18
2021-08,7호선,500,청담,"367,399","406,017","54,418","51,822",2021-09-03 10:03:18
2021-08,7호선,501,강남구청,"326,730","360,295","37,408","37,351",2021-09-03 10:03:18
2021-08,7호선,502,학동,"468,979","496,052","44,744","41,348",2021-09-03 10:03:18
2021-08,7호선,503,논현,"412,421","447,276","40,517","40,040",2021-09-03 10:03:18
2021-08,7호선,504,반포,"112,115","107,240","24,483","23,045",2021-09-03 10:03:18
2021-08,7호선,505,고속터미널,"324,146","260,335","53,605","46,875",2021-09-03 10:03:18
2021-08,7호선,506,내방,"275,125","281,673","50,889","49,425",2021-09-03 10:03:18
2021-08,7호선,507,이수,"304,198","298,290","58,350","56,543",2021-09-03 10:03:18
2021-08,7호선,508,남성,"206,359","190,751","52,347","52,131",2021-09-03 10:03:18
2021-08,7호선,509,숭실대입구(살피재),"219,617","225,676","44,560","47,023",2021-09-03 10:03:18
2021-08,7호선,510,상도,"198,957","193,819","44,724","43,123",2021-09-03 10:03:18
2021-08,7호선,511,장승배기,"172,591","167,708","52,765","53,165",2021-09-03 10:03:18
2021-08,7호선,512,신대방삼거리,"312,986","299,003","70,340","72,130",2021-09-03 10:03:18
2021-08,7호선,513,보라매,"189,773","189,579","33,199","32,180",2021-09-03 10:03:18
2021-08,7호선,514,신풍,"219,979","207,054","54,256","54,771",2021-09-03 10:03:18
2021-08,7호선,515,대림(구로구청),"176,217","176,018","29,437","28,361",2021-09-03 10:03:18
2021-08,7호선,516,남구로,"320,980","336,118","48,283","48,576",2021-09-03 10:03:18
2021-08,7호선,517,가산디지털단지,"912,060","897,696","70,353","66,298",2021-09-03 10:03:18
2021-08,7호선,518,철산,"414,041","429,662","76,949","76,507",2021-09-03 10:03:18
2021-08,7호선,519,광명사거리,"413,864","405,357","120,755","124,584",2021-09-03 10:03:18
2021-08,7호선,520,천왕,"214,050","203,703","42,526","41,991",2021-09-03 10:03:18
2021-08,7호선,521,온수(성공회대입구),"200,930","184,726","31,433","29,989",2021-09-03 10:03:18
2021-08,7호선,522,까치울,"158,751","155,005","24,292","24,614",2021-09-03 10:03:18
2021-08,7호선,523,부천종합운동장,"95,041","82,877","16,572","16,009",2021-09-03 10:03:18
2021-08,7호선,524,춘의,"195,979","192,800","26,568","26,157",2021-09-03 10:03:18
2021-08,7호선,525,신중동,"286,674","286,493","41,746","40,711",2021-09-03 10:03:18
2021-08,7호선,526,부천시청,"261,428","261,514","43,372","42,122",2021-09-03 10:03:18
2021-08,7호선,527,상동,"268,307","279,860","38,342","38,074",2021-09-03 10:03:18
2021-08,7호선,528,삼산체육관,"100,932","93,123","21,381","20,255",2021-09-03 10:03:18
2021-08,7호선,529,굴포천,"185,898","196,898","28,894","29,377",2021-09-03 10:03:18
2021-08,7호선,530,부평구청,"155,690","137,576","21,268","19,832",2021-09-03 10:03:18
2021-08,8호선,531,암사,"353,148","312,550","85,893","85,519",2021-09-03 10:03:18
2021-08,8호선,532,천호(풍납토성),"290,481","342,249","61,898","59,312",2021-09-03 10:03:18
2021-08,8호선,533,강동구청,"186,315","196,915","49,482","49,623",2021-09-03 10:03:18
2021-08,8호선,534,몽촌토성(평화의문),"116,086","117,901","23,116","21,838",2021-09-03 10:03:18
2021-08,8호선,535,잠실(송파구청),"275,026","322,421","51,543","49,722",2021-09-03 10:03:18
2021-08,8호선,536,석촌,"144,777","171,416","37,895","40,188",2021-09-03 10:03:18
2021-08,8호선,537,송파,"132,600","135,188","40,024","40,427",2021-09-03 10:03:18
2021-08,8호선,538,가락시장,"126,285","143,221","48,321","49,995",2021-09-03 10:03:18
2021-08,8호선,539,문정,"422,663","443,506","42,479","42,034",2021-09-03 10:03:18
2021-08,8호선,540,장지,"334,067","328,323","58,365","55,477",2021-09-03 10:03:18
2021-08,8호선,541,복정,"207,806","181,938","34,518","31,935",2021-09-03 10:03:18
2021-08,8호선,542,산성,"108,842","109,018","26,500","29,607",2021-09-03 10:03:18
2021-08,8호선,543,남한산성입구(성남법원.검찰청),"248,897","224,148","62,971","59,979",2021-09-03 10:03:18
2021-08,8호선,544,단대오거리,"190,070","185,831","55,502","53,664",2021-09-03 10:03:18
2021-08,8호선,545,신흥,"78,047","85,105","31,006","32,605",2021-09-03 10:03:18
2021-08,8호선,546,수진,"92,121","81,656","34,730","33,852",2021-09-03 10:03:18
2021-08,8호선,547,모란,"65,622","52,347","41,690","33,079",2021-09-03 10:03:18
2021-08,9호선,607,개화,"50,050","35,984","10,650","8,752",2021-09-03 10:03:18
2021-08,9호선,608,김포공항,"183,714","286,523","15,143","18,750",2021-09-03 10:03:18
2021-08,9호선,609,공항시장,"51,084","56,065","20,278","22,433",2021-09-03 10:03:18
2021-08,9호선,610,신방화,"124,442","122,364","36,165","36,010",2021-09-03 10:03:18
2021-08,9호선,611,마곡나루(서울식물원),"237,061","238,859","23,252","22,790",2021-09-03 10:03:18
2021-08,9호선,612,양천향교,"179,883","184,677","35,157","35,374",2021-09-03 10:03:18
2021-08,9호선,613,가양,"368,010","359,462","99,965","97,143",2021-09-03 10:03:18
2021-08,9호선,614,증미,"134,889","135,606","34,643","35,626",2021-09-03 10:03:18
2021-08,9호선,615,등촌,"201,953","201,870","65,666","66,523",2021-09-03 10:03:18
2021-08,9호선,616,염창,"333,826","327,645","53,680","52,757",2021-09-03 10:03:18
2021-08,9호선,617,신목동,"72,041","64,669","14,873","14,030",2021-09-03 10:03:18
2021-08,9호선,618,선유도,"162,082","158,800","21,450","20,579",2021-09-03 10:03:18
2021-08,9호선,619,당산,"360,796","361,463","49,013","45,263",2021-09-03 10:03:18
2021-08,9호선,620,국회의사당,"278,435","286,180","32,896","28,312",2021-09-03 10:03:18
2021-08,9호선,621,여의도,"508,608","480,353","33,747","30,664",2021-09-03 10:03:18
2021-08,9호선,622,샛강,"104,151","107,801","18,500","18,434",2021-09-03 10:03:18
2021-08,9호선,623,노량진,"548,129","531,516","64,125","65,673",2021-09-03 10:03:18
2021-08,9호선,624,노들,"80,212","67,740","24,699","22,730",2021-09-03 10:03:18
2021-08,9호선,625,흑석(중앙대입구),"134,006","141,998","40,925","41,307",2021-09-03 10:03:18
2021-08,9호선,626,동작(현충원),"34,418","27,293","9,188","7,633",2021-09-03 10:03:18
2021-08,9호선,627,구반포,"40,445","43,194","15,303","15,406",2021-09-03 10:03:18
2021-08,9호선,628,신반포,"59,197","58,231","14,807","14,661",2021-09-03 10:03:18
2021-08,9호선,629,고속터미널,"248,852","326,540","41,945","47,756",2021-09-03 10:03:18
2021-08,9호선,630,사평,"63,473","63,089","15,028","15,057",2021-09-03 10:03:18
2021-08,9호선,631,신논현,"670,029","665,879","45,682","42,060",2021-09-03 10:03:18
2021-08,공항철도 1호선,645,서울역,"159,108","148,804","24,971","22,490",2021-09-03 10:03:18
2021-08,공항철도 1호선,646,공덕,"45,307","58,932","5,790","6,594",2021-09-03 10:03:18
2021-08,공항철도 1호선,647,홍대입구,"221,304","219,837","14,395","13,724",2021-09-03 10:03:18
2021-08,공항철도 1호선,648,디지털미디어시티,"265,158","242,321","18,561","17,487",2021-09-03 10:03:18
2021-08,공항철도 1호선,649,마곡나루(서울식물원),"149,890","145,525","9,097","8,938",2021-09-03 10:03:18
2021-08,공항철도 1호선,650,김포공항,"306,467","167,474","18,461","12,052",2021-09-03 10:03:18
2021-08,공항철도 1호선,651,계양,"195,441","187,752","21,811","20,593",2021-09-03 10:03:18
2021-08,공항철도 1호선,652,검암,"144,532","142,854","13,853","13,726",2021-09-03 10:03:18
2021-08,공항철도 1호선,653,청라국제도시,"139,110","132,679","9,260","9,085",2021-09-03 10:03:18
2021-08,공항철도 1호선,654,운서,"139,277","143,422","20,900","20,914",2021-09-03 10:03:18
2021-08,공항철도 1호선,655,공항화물청사,"47,825","52,001","7,770","7,517",2021-09-03 10:03:18
2021-08,공항철도 1호선,656,인천공항1터미널,"84,729","87,610","19,268","18,837",2021-09-03 10:03:18
2021-08,공항철도 1호선,657,인천공항2터미널,"53,609","50,139","13,964","13,454",2021-09-03 10:03:18
2021-08,공항철도 1호선,658,영종,"59,185","60,003","15,806","15,815",2021-09-03 10:03:18
2021-08,9호선2~3단계,632,언주,"210,211","211,925","21,734","21,464",2021-09-03 10:03:18
2021-08,9호선2~3단계,633,선정릉,"190,358","206,335","17,742","18,149",2021-09-03 10:03:18
2021-08,9호선2~3단계,634,삼성중앙,"126,574","131,904","16,876","16,883",2021-09-03 10:03:18
2021-08,9호선2~3단계,635,봉은사,"323,730","328,525","33,389","31,727",2021-09-03 10:03:18
2021-08,9호선2~3단계,636,종합운동장,"81,676","82,131","13,754","12,690",2021-09-03 10:03:18
2021-08,9호선2~3단계,637,삼전,"132,832","130,229","28,165","27,377",2021-09-03 10:03:18
2021-08,9호선2~3단계,638,석촌고분,"115,522","116,342","25,947","25,996",2021-09-03 10:03:18
2021-08,9호선2~3단계,639,석촌,"165,893","148,718","26,214","22,786",2021-09-03 10:03:18
2021-08,9호선2~3단계,640,송파나루,"95,939","105,774","20,690","21,365",2021-09-03 10:03:18
2021-08,9호선2~3단계,641,한성백제,"47,536","44,453","12,404","11,294",2021-09-03 10:03:18
2021-08,9호선2~3단계,642,올림픽공원(한국체대),"117,306","115,215","18,505","17,800",2021-09-03 10:03:18
2021-08,9호선2~3단계,643,둔촌오륜,"20,288","18,645","4,981","5,272",2021-09-03 10:03:18
2021-08,9호선2~3단계,644,중앙보훈병원,"166,624","146,007","67,450","66,331",2021-09-03 10:03:18
2021-08,우이신설선,702,북한산우이,"48,814","44,997","30,746","31,875",2021-09-03 10:03:18
2021-08,우이신설선,703,솔밭공원,"35,903","33,068","23,679","25,713",2021-09-03 10:03:18
2021-08,우이신설선,704,4.19민주묘지,"39,970","39,142","30,537","26,783",2021-09-03 10:03:18
2021-08,우이신설선,705,가오리,"62,610","61,025","38,687","40,072",2021-09-03 10:03:18
2021-08,우이신설선,706,화계,"47,845","43,561","33,709","34,202",2021-09-03 10:03:18
2021-08,우이신설선,707,삼양,"26,703","27,748","22,036","24,669",2021-09-03 10:03:18
2021-08,우이신설선,708,삼양사거리,"31,165","32,049","29,950","30,409",2021-09-03 10:03:18
2021-08,우이신설선,709,솔샘,"99,601","92,014","29,818","30,922",2021-09-03 10:03:18
2021-08,우이신설선,710,북한산보국문,"105,190","98,876","33,318","33,835",2021-09-03 10:03:18
2021-08,우이신설선,711,정릉,"70,828","63,487","35,608","33,405",2021-09-03 10:03:18
2021-08,우이신설선,712,성신여대입구(돈암),"53,877","62,861","23,149","21,891",2021-09-03 10:03:18
2021-08,우이신설선,713,보문,"23,865","23,415","11,919","11,657",2021-09-03 10:03:18
2021-08,우이신설선,714,신설동,"29,375","29,242","20,752","18,443",2021-09-03 10:03:18
